{
    "colombo": [
        {
            "value": 1,
            "label": "Maharagama",
            "ascCode":"01/009"
        },
        {
            "value": 2,
            "label": "Homagama",
            "ascCode":"01/003"
        }
    ],
    "gampaha": [
        {
            "value": 1,
            "label": "Dompe",
            "ascCode":"02/017"
        },
        {
            "value": 2,
            "label": "Henarathgoda",
            "ascCode":"02/012"
        },
        {
            "value": 3,
            "label": "Nittambuwa",
            "day1": 0.3,
            "day2": 0.3
        }
    ],
    "kalutara": [
        {
            "value": 1,
            "label": "Nagoda",
            "day1": 1.6,
            "day2": 1.6
        },
        {
            "value": 2,
            "label": "Padagoda",
            "day1": 1.4,
            "day2": 0.5
        }
    ],
    "kandy": [
        {
            "value": 1,
            "label": "Marassana",
            "day1": 0,
            "day2": 0.2
        },
        {
            "value": 2,
            "label": "Wawinna",
            "day1": 0.1,
            "day2": 0.1
        }
    ],
    "matale": [
        {
            "value": 1,
            "label": "Alkaduwa",
            "day1": 0.2,
            "day2": 0.4
        },
        {
            "value": 2,
            "label": "Alugolla",
            "day1": 0.6,
            "day2": 0.3
        }
    ],
    "nuwara_eliya": [
        {
            "value": 1,
            "label": "Bullugahapitiya",
            "day1": 0,
            "day2": 0
        },
        {
            "value": 2,
            "label": "Ginigathhena",
            "day1": 1,
            "day2": 0.6
        }
    ],
    "galle": [
        {
            "value": 1,
            "label": "Ahangama",
            "day1": 1.3,
            "day2": 0.5
        },
        {
            "value": 2,
            "label": "Aluthwala",
            "day1": 2.3,
            "day2": 1.3
        }
    ],
    "matara": [
        {
            "value": 1,
            "label": "Malimbada",
            "day1": 1.6,
            "day2": 0.5
        },
        {
            "value": 2,
            "label": "Morawaka",
            "day1": 1,
            "day2": 1.1
        }
    ],
    "hambantota": [
        {
            "value": 1,
            "label": "Beralihela",
            "day1": 1.7,
            "day2": 1.6
        },
        {
            "value": 2,
            "label": "Lunama",
            "day1": 0.5,
            "day2": 1.3
        }
    ],
    "jaffna": [
        {
            "value": 1,
            "label": "Adampan",
            "day1": 0,
            "day2": 0
        },
        {
            "value": 2,
            "label": "Chavakchcheri",
            "day1": 0,
            "day2": 0
        }
    ]
}